Module3ID,vol ,Module4ID,vol
pEPSW1KN0115,,pEPSW1KN0119,
pEPSW1KN0116,,pEPSW1KN0119,
pEPSW1KN0117,,pEPSW1KN0119,
pEPSW1KN0118,,pEPSW1KN0120,
pEPSW1KN0125,,pEPSW1KN0120,
pEPSW1KN0125,,pEPSW1KN0121,
pEPSW1KN0125,,pEPSW1KN0122,
pEPSW1KN0123,,pEPSW1KN0126,
pEPSW1KN0124,,pEPSW1KN0126,
pEPSW1KN0124,,pEPSW1KN0127,
pEPSW1KN0128,,pEPSW1KN0127,
pEPSW1KN0129,,pEPSW1KN0137,
pEPSW1KN0130,,pEPSW1KN0137,
pEPSW1KN0131,,pEPSW1KN0137,
pEPSW1KN0144,,pEPSW1KN0137,
pEPSW1KN0132,,pEPSW1KN0139,
pEPSW1KN0133,,pEPSW1KN0139,
pEPSW1KN0134,,pEPSW1KN0140,
pEPSW1KN0135,,pEPSW1KN0140,
pEPSW1KN0135,,pEPSW1KN0141,
pEPSW1KN0136,,pEPSW1KN0142,
pEPSW1KN0136,,pEPSW1KN0143,
pEPSW1KN0144,,pEPSW1KN0138,
pEPSW1KN0145,,pEPSW1KN0149,
pEPSW1KN0146,,pEPSW1KN0149,
pEPSW1KN0156,,pEPSW1KN0149,
pEPSW1KN0147,,pEPSW1KN0151,
pEPSW1KN0158,,pEPSW1KN0151,
pEPSW1KN0148,,pEPSW1KN0153,
pEPSW1KN0161,,pEPSW1KN0153,
pEPSW1KN0156,,pEPSW1KN0150,
pEPSW1KN0157,,pEPSW1KN0150,
pEPSW1KN0158,,pEPSW1KN0163,
pEPSW1KN0158,,pEPSW1KN0164,
pEPSW1KN0158,,pEPSW1KN0165,
pEPSW1KN0152,,pEPSW1KN0159,
pEPSW1KN0152,,pEPSW1KN0160,
pEPSW1KN0161,,pEPSW1KN0154,
pEPSW1KN0155,,pEPSW1KN0162,
pEPSW1KN0167,,pEPSW1KN0162,
pEPSW1KN0166,,pEPSW1KN0168,
pEPSW1KN0166,,pEPSW1KN0169,
pEPSW1KN0166,,pEPSW1KN0170,
pEPSW1KN0166,,pEPSW1KN0171,
pEPSW1KN0166,,pEPSW1KN0172,
pEPSW1KN0173,,pEPSW1KN0172,
pEPSW1KN0174,,pEPSW1KN0172,
pEPSW1KN0175,,pEPSW1KN0180,
pEPSW1KN0176,,pEPSW1KN0182,
pEPSW1KN0177,,pEPSW1KN0182,
pEPSW1KN0178,,pEPSW1KN0182,
pEPSW1KN0179,,pEPSW1KN0188,
pEPSW1KN0181,,pEPSW1KN0188,
pEPSW1KN0183,,pEPSW1KN0189,
pEPSW1KN0184,,pEPSW1KN0189,
pEPSW1KN0185,,pEPSW1KN0189,
pEPSW1KN0186,,pEPSW1KN0189,
pEPSW1KN0187,,pEPSW1KN0190,
pEPSW1KN0187,,pEPSW1KN0191,
pEPSW1KN0187,,pEPSW1KN0192,
pEPSW1KN0187,,pEPSW1KN0193,
pEPSW1KN0194,,pEPSW1KN0198,
pEPSW1KN0195,,pEPSW1KN0198,
pEPSW1KN0196,,pEPSW1KN0198,
pEPSW1KN0197,,pEPSW1KN0198,
pEPSW1KN0197,,pEPSW1KN0199,
pEPSW1KN0202,,pEPSW1KN0199,
pEPSW1KN0200,,pEPSW1KN0203,
pEPSW1KN0201,,pEPSW1KN0204,
pEPSW1KN0201,,pEPSW1KN0205,
pEPSW1KN0206,,pEPSW1KN0214,
pEPSW1KN0207,,pEPSW1KN0214,
pEPSW1KN0208,,pEPSW1KN0214,
pEPSW1KN0209,,pEPSW1KN0216,
pEPSW1KN0210,,pEPSW1KN0216,
pEPSW1KN0211,,pEPSW1KN0216,
pEPSW1KN0212,,pEPSW1KN0216,
pEPSW1KN0213,,pEPSW1KN0216,
pEPSW1KN0215,,pEPSW1KN0216,
pEPSW1KN0220,,pEPSW1KN0216,
pEPSW1KN0215,,pEPSW1KN0219,
pEPSW1KN0217,,pEPSW1KN0221,
pEPSW1KN0218,,pEPSW1KN0221,
pEPSW1KN0222,,pEPSW1KN0221,
pEPSW1KN0223,,pEPSW1KN0221,
pEPSW1KN0224,,pEPSW1KN0229,
pEPSW1KN0225,,pEPSW1KN0229,
pEPSW1KN0226,,pEPSW1KN0229,
pEPSW1KN0227,,pEPSW1KN0229,
pEPSW1KN0228,,pEPSW1KN0230,
pEPSW1KN0228,,pEPSW1KN0231,
pEPSW1KN0228,,pEPSW1KN0232,
pEPSW1KN0228,,pEPSW1KN0233,
pEPSW1KN0228,,pEPSW1KN0234,
pEPSW1KN0235,,pEPSW1KN0234,
pEPSW1KN0236,,pEPSW1KN0234,